trial;x;tool failure time
1;3833.8908032;29
2;6427.3708032;60
3;3833.90718344;28
4;6427.38718344;64
5;3833.9248892;32
6;6427.4048892;44
7;3833.94126944;24
8;6427.42126944;35
9;4961.5108862;31
10;4961.5108862;38
11;4961.5108862;35
12;4961.5108862;52
13;3439.2508862;23
14;7160.3308862;40
15;4961.50186248;28
16;4961.52812088;46
17;4961.4830792;33
18;4961.5404872;46
19;3439.2508862;27
20;7160.3308862;37
21;4961.50186248;34
22;4961.52812088;41
23;4961.4830792;28
24;4961.5404872;0
